feature,importance
numeric__chief_complaint_char_len,832
numeric__pain_score_clean,832
numeric__respiratory_rate,739
numeric__spo2,731
numeric__temperature_c,651
numeric__num_prior_ed_visits_12m,460
numeric__heart_rate,443
numeric__news2_score,414
numeric__diastolic_bp,393
numeric__gcs_total,373
numeric__mean_arterial_pressure,323
numeric__chief_complaint_word_count,298
numeric__systolic_bp,291
numeric__shock_index,227
numeric__age,218
numeric__pulse_pressure,211
numeric__height_cm,190
numeric__weight_kg,167
numeric__altered_mental_status_flag,160
numeric__complaint_redflag_trauma,152
numeric__bmi,141
categorical__mental_status_triage_unresponsive,109
numeric__arrival_hour,109
numeric__num_comorbidities,104
numeric__missing_vital_count,103
numeric__complaint_redflag_bleeding,102
numeric__num_active_medications,96
numeric__pain_score_invalid,92
numeric__arrival_month,92
categorical__mental_status_triage_confused,73
numeric__complaint_redflag_pregnancy,69
numeric__complaint_redflag_syncope,68
categorical__chief_complaint_system_gastrointestinal,67
numeric__temperature_c_missing,65
categorical__chief_complaint_system_trauma,59
numeric__complaint_redflag_chest_pain,58
categorical__chief_complaint_system_ENT,57
categorical__chief_complaint_system_genitourinary,57
categorical__chief_complaint_system_other,56
categorical__chief_complaint_system_ophthalmic,56
categorical__chief_complaint_system_musculoskeletal,52
numeric__complaint_redflag_stroke_like,52
categorical__chief_complaint_system_neurological,45
categorical__chief_complaint_system_dermatological,41
categorical__chief_complaint_system_infectious,39
categorical__chief_complaint_system_respiratory,38
categorical__chief_complaint_system_cardiovascular,36
numeric__num_prior_admissions_12m,32
categorical__mental_status_triage_agitated,30
categorical__triage_nurse_id_NURSE-0025,29
categorical__mental_status_triage_alert,29
numeric__hx_asthma,26
categorical__mental_status_triage_drowsy,25
numeric__low_gcs,24
categorical__triage_nurse_id_NURSE-0026,23
categorical__site_id_SITE-HEL-01,21
categorical__chief_complaint_system_psychiatric,21
numeric__hx_diabetes_type2,19
categorical__site_id_SITE-OUL-01,19
numeric__systolic_bp_missing,19
categorical__triage_nurse_id_NURSE-0010,19
numeric__very_low_gcs,19
categorical__arrival_day_Sunday,18
categorical__chief_complaint_system_endocrine,18
categorical__triage_nurse_id_NURSE-0022,16
categorical__triage_nurse_id_NURSE-0045,16
numeric__comorbidity_count,16
categorical__triage_nurse_id_NURSE-0014,16
numeric__hx_diabetes_type1,16
categorical__transport_origin_home,15
numeric__hx_coronary_artery_disease,15
categorical__pain_location_chest,15
numeric__severe_pain,13
categorical__language_Finnish,13
categorical__triage_nurse_id_NURSE-0002,13
numeric__hx_malignancy,13
categorical__triage_nurse_id_NURSE-0034,13
categorical__triage_nurse_id_NURSE-0027,13
numeric__hx_ckd,13
categorical__triage_nurse_id_NURSE-0044,12
numeric__hx_depression,12
categorical__site_id_SITE-TUR-01,12
categorical__arrival_day_Monday,11
numeric__hx_hypertension,11
numeric__hx_liver_disease,11
categorical__triage_nurse_id_NURSE-0039,11
categorical__arrival_mode_walk-in,11
categorical__shift_morning,11
numeric__pain_score_missing,11
categorical__transport_origin_nursing_home,10
categorical__triage_nurse_id_NURSE-0005,10
numeric__hx_immunosuppressed,10
categorical__triage_nurse_id_NURSE-0042,10
categorical__insurance_type_private,9
categorical__insurance_type_none,9
categorical__site_id_SITE-HEL-02,9
categorical__triage_nurse_id_NURSE-0023,9
categorical__triage_nurse_id_NURSE-0021,9
categorical__arrival_day_Wednesday,9
categorical__arrival_mode_brought_by_family,9
categorical__triage_nurse_id_NURSE-0006,9
numeric__hx_atrial_fibrillation,9
categorical__transport_origin_school,9
numeric__complaint_redflag_severe_headache,9
categorical__triage_nurse_id_NURSE-0016,9
numeric__high_news2,8
categorical__pain_location_head,8
categorical__shift_afternoon,8
categorical__language_Arabic,8
categorical__arrival_season_spring,8
categorical__language_Russian,8
categorical__insurance_type_public,8
categorical__sex_M,8
categorical__triage_nurse_id_NURSE-0048,8
categorical__triage_nurse_id_NURSE-0033,8
categorical__triage_nurse_id_NURSE-0032,8
categorical__triage_nurse_id_NURSE-0024,8
numeric__high_risk_history_flag,8
categorical__triage_nurse_id_NURSE-0031,8
categorical__triage_nurse_id_NURSE-0029,7
categorical__arrival_season_summer,7
numeric__hx_epilepsy,7
numeric__hx_hypothyroidism,7
categorical__triage_nurse_id_NURSE-0035,7
categorical__transport_origin_public_space,7
categorical__language_Somali,7
numeric__hx_copd,7
categorical__pain_location_multiple,7
categorical__language_Estonian,7
categorical__triage_nurse_id_NURSE-0003,7
categorical__pain_location_abdomen,7
categorical__triage_nurse_id_NURSE-0050,7
categorical__transport_origin_outdoor,6
categorical__triage_nurse_id_NURSE-0020,6
categorical__triage_nurse_id_NURSE-0011,6
categorical__site_id_SITE-TMP-01,6
categorical__arrival_day_Friday,6
categorical__age_group_middle_aged,6
categorical__arrival_day_Thursday,6
numeric__hx_anxiety,6
categorical__arrival_day_Saturday,6
numeric__hx_hyperthyroidism,6
numeric__respiratory_rate_missing,6
numeric__hx_pregnant,6
numeric__hx_substance_use_disorder,6
categorical__pain_location_extremity,6
categorical__pain_location_pelvis,6
numeric__hx_peripheral_vascular_disease,6
categorical__pain_location_none,5
categorical__age_group_elderly,5
categorical__triage_nurse_id_NURSE-0007,5
categorical__arrival_day_Tuesday,5
categorical__triage_nurse_id_NURSE-0009,5
categorical__sex_F,5
categorical__triage_nurse_id_NURSE-0040,5
categorical__triage_nurse_id_NURSE-0041,5
categorical__pain_location_unknown,5
categorical__triage_nurse_id_NURSE-0013,4
categorical__triage_nurse_id_NURSE-0036,4
categorical__triage_nurse_id_NURSE-0001,4
numeric__hx_hiv,4
numeric__hx_obesity,4
categorical__pain_location_back,4
categorical__arrival_season_winter,4
categorical__transport_origin_workplace,4
categorical__sex_Other,3
categorical__triage_nurse_id_NURSE-0043,3
categorical__triage_nurse_id_NURSE-0015,3
categorical__transport_origin_other_hospital,3
categorical__triage_nurse_id_NURSE-0037,3
numeric__hx_heart_failure,3
numeric__hx_stroke_prior,3
categorical__arrival_mode_transfer,3
categorical__shift_evening,3
numeric__hx_dementia,3
categorical__language_Swedish,3
numeric__tachypnea,3
categorical__triage_nurse_id_NURSE-0049,3
categorical__language_English,3
categorical__arrival_mode_ambulance,2
numeric__bp_inconsistent,2
categorical__triage_nurse_id_NURSE-0019,2
categorical__triage_nurse_id_NURSE-0030,2
categorical__triage_nurse_id_NURSE-0038,2
categorical__triage_nurse_id_NURSE-0012,2
numeric__hx_coagulopathy,2
numeric__very_low_spo2,2
categorical__triage_nurse_id_NURSE-0047,2
categorical__age_group_young_adult,2
categorical__shift_night,1
categorical__triage_nurse_id_NURSE-0028,1
numeric__fever,1
categorical__arrival_season_autumn,1
categorical__language_Other,1
numeric__low_spo2,1
categorical__insurance_type_unknown,1
categorical__triage_nurse_id_NURSE-0018,1
categorical__triage_nurse_id_NURSE-0017,1
categorical__triage_nurse_id_NURSE-0004,1
categorical__triage_nurse_id_NURSE-0008,1
categorical__age_group_pediatric,0
categorical__insurance_type_military,0
categorical__triage_nurse_id_NURSE-0046,0
numeric__hypotension,0
numeric__news2_score_missing,0
numeric__gcs_total_missing,0
numeric__spo2_missing,0
categorical__arrival_mode_police,0
numeric__temperature_c_invalid,0
numeric__spo2_invalid,0
categorical__arrival_mode_helicopter,0
numeric__heart_rate_missing,0
numeric__diastolic_bp_missing,0
numeric__chief_complaint_missing,0
numeric__diastolic_bp_invalid,0
numeric__complaint_redflag_shortness_of_breath,0
numeric__systolic_bp_invalid,0
numeric__heart_rate_invalid,0
numeric__gcs_total_invalid,0
numeric__respiratory_rate_invalid,0
